ID,Time Started (UTC),Minutes Spent,questions,responsesLower,responsesUpper,between (sr2xlts),lower,and (51e4t9f),upper,midPoint,responsesMidPoint
Person 1,09/09/2018 15:07,20.85,"How many people do you think will take the EA survey?, What percent of people will say they got involved in EA in 2017?, What percent of people will say they first heard about EA from a personal contact?, What percent of people will say they first heard about EA from LessWrong?, What percent of people will say they are involved in a local EA group?, What percent of people will say they have taken the Giving What We Can pledge?, What percent of people will say they find the EA community either welcoming or very welcoming?, What percent of people will say they find the EA community either unwelcoming or very unwelcoming?, What percent of people will say that global poverty should be the top or near top priority?, What percent of people will say that cause prioritisation should be the top or near top priority?, What percent of people will say that reducing risks from AI should be the top or near top priority?, What percent of people will say that animal welfare/rights should be the top or near top priority?, What percent of people will say that meta charities should be the top or near top priority?, What percent of people who took the survey will be between 20 and 35 years of age?, What percent of people will identify as male?, What percent of people will identify as white?, What percent of people will say they live in the US or UK?, What percent of people will say they live in continental Europe?, What percent of people will say they are atheist, agnostic or non-religious?, What percent of people will say they are vegan or vegetarian?, What percent of people will say they are politically on the left or centre left?, What percent of people will say they are politically on the centre?, What percent of people will say they are politically on the right or centre right?, What percent of people will say that they are single?, What percent of people will say that they are employed?, What percent of people will say that they are a student?","2000, 25, 12, 8, 20, 5, 60, 5, 80, 50, 30, 30, 20, 75, 60, 85, 45, 20, 75, 20, 55, 5, 1, 40, 40, 20","4000, 35, 18, 12, 40, 20, 80, 20, 95, 80, 50, 60, 50, 85, 75, 95, 65, 30, 85, 50, 75, 15, 5, 70, 60, 40",2000 | 25 | 12 | 8 | 20 | 5 | 60 | 5 | 80 | 50 | 30 | 30 | 20 | 75 | 60 | 85 | 45 | 20 | 75 | 20 | 55 | 5 | 1 | 40 | 40 | 20,20,4000 | 35 | 18 | 12 | 40 | 20 | 80 | 20 | 95 | 80 | 50 | 60 | 50 | 85 | 75 | 95 | 65 | 30 | 85 | 50 | 75 | 15 | 5 | 70 | 60 | 40,40,30,"3000, 30, 15, 10, 30, 12.5, 70, 12.5, 87.5, 65, 40, 45, 35, 80, 67.5, 90, 55, 25, 80, 35, 65, 10, 3, 55, 50, 30"
Person 2,08/09/2018 05:53,6.23,"How many people do you think will take the EA survey?, What percent of people will say they got involved in EA in 2017?, What percent of people will say they first heard about EA from a personal contact?, What percent of people will say they first heard about EA from LessWrong?, What percent of people will say they are involved in a local EA group?, What percent of people will say they have taken the Giving What We Can pledge?, What percent of people will say they find the EA community either welcoming or very welcoming?, What percent of people will say they find the EA community either unwelcoming or very unwelcoming?, What percent of people will say that global poverty should be the top or near top priority?, What percent of people will say that cause prioritisation should be the top or near top priority?, What percent of people will say that reducing risks from AI should be the top or near top priority?, What percent of people will say that animal welfare/rights should be the top or near top priority?, What percent of people will say that meta charities should be the top or near top priority?, What percent of people who took the survey will be between 20 and 35 years of age?, What percent of people will identify as male?, What percent of people will identify as white?, What percent of people will say they live in the US or UK?, What percent of people will say they live in continental Europe?, What percent of people will say they are atheist, agnostic or non-religious?, What percent of people will say they are vegan or vegetarian?, What percent of people will say they are politically on the left or centre left?, What percent of people will say they are politically on the centre?, What percent of people will say they are politically on the right or centre right?, What percent of people will say that they are single?, What percent of people will say that they are employed?, What percent of people will say that they are a student?","20, 40, 25, 10, 5, 5, 75, 0, 20, 1, 15, 1, 1, 50, 50, 50, 50, 1, 80, 5, 20, 20, 5, 10, 40, 40","250, 90, 80, 40, 50, 30, 95, 20, 70, 20, 50, 19, 15, 90, 70, 70, 90, 15, 100, 30, 80, 80, 20, 50, 80, 80",20 | 40 | 25 | 10 | 5 | 5 | 75 | 0 | 20 | 1 | 15 | 1 | 1 | 50 | 50 | 50 | 50 | 1 | 80 | 5 | 20 | 20 | 5 | 10 | 40 | 40,40,250 | 90 | 80 | 40 | 50 | 30 | 95 | 20 | 70 | 20 | 50 | 19 | 15 | 90 | 70 | 70 | 90 | 15 | 100 | 30 | 80 | 80 | 20 | 50 | 80 | 80,80,60,"135, 65, 52.5, 25, 27.5, 17.5, 85, 10, 45, 10.5, 32.5, 10, 8, 70, 60, 60, 70, 8, 90, 17.5, 50, 50, 12.5, 30, 60, 60"
Person 3,08/09/2018 02:37,10.23,"How many people do you think will take the EA survey?, What percent of people will say they got involved in EA in 2017?, What percent of people will say they first heard about EA from a personal contact?, What percent of people will say they first heard about EA from LessWrong?, What percent of people will say they are involved in a local EA group?, What percent of people will say they have taken the Giving What We Can pledge?, What percent of people will say they find the EA community either welcoming or very welcoming?, What percent of people will say they find the EA community either unwelcoming or very unwelcoming?, What percent of people will say that global poverty should be the top or near top priority?, What percent of people will say that cause prioritisation should be the top or near top priority?, What percent of people will say that reducing risks from AI should be the top or near top priority?, What percent of people will say that animal welfare/rights should be the top or near top priority?, What percent of people will say that meta charities should be the top or near top priority?, What percent of people who took the survey will be between 20 and 35 years of age?, What percent of people will identify as male?, What percent of people will identify as white?, What percent of people will say they live in the US or UK?, What percent of people will say they live in continental Europe?, What percent of people will say they are atheist, agnostic or non-religious?, What percent of people will say they are vegan or vegetarian?, What percent of people will say they are politically on the left or centre left?, What percent of people will say they are politically on the centre?, What percent of people will say they are politically on the right or centre right?, What percent of people will say that they are single?, What percent of people will say that they are employed?, What percent of people will say that they are a student?","500, 1, 10, 5, 5, 15, 50, 10, 10, 5, 20, 15, 3, 65, 65, 65, 50, 10, 70, 20, 33, 33, 20, 20, 50, 15","2000, 5, 33, 33, 33, 60, 90, 50, 33, 15, 60, 40, 15, 95, 95, 95, 90, 30, 100, 40, 80, 80, 55, 40, 85, 45",500 | 1 | 10 | 5 | 5 | 15 | 50 | 10 | 10 | 5 | 20 | 15 | 3 | 65 | 65 | 65 | 50 | 10 | 70 | 20 | 33 | 33 | 20 | 20 | 50 | 15,15,2000 | 5 | 33 | 33 | 33 | 60 | 90 | 50 | 33 | 15 | 60 | 40 | 15 | 95 | 95 | 95 | 90 | 30 | 100 | 40 | 80 | 80 | 55 | 40 | 85 | 45,45,30,"1250, 3, 21.5, 19, 19, 37.5, 70, 30, 21.5, 10, 40, 27.5, 9, 80, 80, 80, 70, 20, 85, 30, 56.5, 56.5, 37.5, 30, 67.5, 30"
Person 4,09/09/2018 11:21,6.53,"How many people do you think will take the EA survey?, What percent of people will say they got involved in EA in 2017?, What percent of people will say they first heard about EA from a personal contact?, What percent of people will say they first heard about EA from LessWrong?, What percent of people will say they are involved in a local EA group?, What percent of people will say they have taken the Giving What We Can pledge?, What percent of people will say they find the EA community either welcoming or very welcoming?, What percent of people will say they find the EA community either unwelcoming or very unwelcoming?, What percent of people will say that global poverty should be the top or near top priority?, What percent of people will say that cause prioritisation should be the top or near top priority?, What percent of people will say that reducing risks from AI should be the top or near top priority?, What percent of people will say that animal welfare/rights should be the top or near top priority?, What percent of people will say that meta charities should be the top or near top priority?, What percent of people who took the survey will be between 20 and 35 years of age?, What percent of people will identify as male?, What percent of people will identify as white?, What percent of people will say they live in the US or UK?, What percent of people will say they live in continental Europe?, What percent of people will say they are atheist, agnostic or non-religious?, What percent of people will say they are vegan or vegetarian?, What percent of people will say they are politically on the left or centre left?, What percent of people will say they are politically on the centre?, What percent of people will say they are politically on the right or centre right?, What percent of people will say that they are single?, What percent of people will say that they are employed?, What percent of people will say that they are a student?","1500, 10, 10, 1, 20, 20, 70, 10, 40, 40, 10, 10, 40, 50, 60, 60, 60, 10, 80, 40, 50, 40, 10, 10, 10, 10","8000, 30, 30, 6, 60, 50, 90, 30, 70, 70, 50, 50, 70, 70, 70, 90, 80, 40, 95, 60, 70, 60, 40, 50, 50, 50",1500 | 10 | 10 | 1 | 20 | 20 | 70 | 10 | 40 | 40 | 10 | 10 | 40 | 50 | 60 | 60 | 60 | 10 | 80 | 40 | 50 | 40 | 10 | 10 | 10 | 10,10,8000 | 30 | 30 | 6 | 60 | 50 | 90 | 30 | 70 | 70 | 50 | 50 | 70 | 70 | 70 | 90 | 80 | 40 | 95 | 60 | 70 | 60 | 40 | 50 | 50 | 50,50,30,"4750, 20, 20, 3.5, 40, 35, 80, 20, 55, 55, 30, 30, 55, 60, 65, 75, 70, 25, 87.5, 50, 60, 50, 25, 30, 30, 30"
Person 5,07/09/2018 21:56,6.87,"How many people do you think will take the EA survey?, What percent of people will say they got involved in EA in 2017?, What percent of people will say they first heard about EA from a personal contact?, What percent of people will say they first heard about EA from LessWrong?, What percent of people will say they are involved in a local EA group?, What percent of people will say they have taken the Giving What We Can pledge?, What percent of people will say they find the EA community either welcoming or very welcoming?, What percent of people will say they find the EA community either unwelcoming or very unwelcoming?, What percent of people will say that global poverty should be the top or near top priority?, What percent of people will say that cause prioritisation should be the top or near top priority?, What percent of people will say that reducing risks from AI should be the top or near top priority?, What percent of people will say that animal welfare/rights should be the top or near top priority?, What percent of people will say that meta charities should be the top or near top priority?, What percent of people who took the survey will be between 20 and 35 years of age?, What percent of people will identify as male?, What percent of people will identify as white?, What percent of people will say they live in the US or UK?, What percent of people will say they live in continental Europe?, What percent of people will say they are atheist, agnostic or non-religious?, What percent of people will say they are vegan or vegetarian?, What percent of people will say they are politically on the left or centre left?, What percent of people will say they are politically on the centre?, What percent of people will say they are politically on the right or centre right?, What percent of people will say that they are single?, What percent of people will say that they are employed?, What percent of people will say that they are a student?","200, 10, 10, 10, 6, 8, 30, 10, 30, 20, 20, 10, 30, 50, 40, 70, 60, 10, 70, 20, 50, 10, 5, 20, 50, 20","4000, 50, 70, 40, 50, 50, 70, 30, 80, 70, 50, 40, 80, 85, 80, 90, 80, 30, 95, 40, 90, 30, 20, 70, 80, 50",200 | 10 | 10 | 10 | 6 | 8 | 30 | 10 | 30 | 20 | 20 | 10 | 30 | 50 | 40 | 70 | 60 | 10 | 70 | 20 | 50 | 10 | 5 | 20 | 50 | 20,20,4000 | 50 | 70 | 40 | 50 | 50 | 70 | 30 | 80 | 70 | 50 | 40 | 80 | 85 | 80 | 90 | 80 | 30 | 95 | 40 | 90 | 30 | 20 | 70 | 80 | 50,50,35,"2100, 30, 40, 25, 28, 29, 50, 20, 55, 45, 35, 25, 55, 67.5, 60, 80, 70, 20, 82.5, 30, 70, 20, 12.5, 45, 65, 35"
Person 6,08/09/2018 09:19,27.23,"How many people do you think will take the EA survey?, What percent of people will say they got involved in EA in 2017?, What percent of people will say they first heard about EA from a personal contact?, What percent of people will say they first heard about EA from LessWrong?, What percent of people will say they are involved in a local EA group?, What percent of people will say they have taken the Giving What We Can pledge?, What percent of people will say they find the EA community either welcoming or very welcoming?, What percent of people will say they find the EA community either unwelcoming or very unwelcoming?, What percent of people will say that global poverty should be the top or near top priority?, What percent of people will say that cause prioritisation should be the top or near top priority?, What percent of people will say that reducing risks from AI should be the top or near top priority?, What percent of people will say that animal welfare/rights should be the top or near top priority?, What percent of people will say that meta charities should be the top or near top priority?, What percent of people who took the survey will be between 20 and 35 years of age?, What percent of people will identify as male?, What percent of people will identify as white?, What percent of people will say they live in the US or UK?, What percent of people will say they live in continental Europe?, What percent of people will say they are atheist, agnostic or non-religious?, What percent of people will say they are vegan or vegetarian?, What percent of people will say they are politically on the left or centre left?, What percent of people will say they are politically on the centre?, What percent of people will say they are politically on the right or centre right?, What percent of people will say that they are single?, What percent of people will say that they are employed?, What percent of people will say that they are a student?","2500, 23, 12, 10, 10, 8, 20, 2, 24, 15, 30, 10, 30, 65, 65, 55, 35, 8, 75, 30, 50, 5, 1, 40, 40, 40","4000, 32, 20, 16, 20, 15, 35, 6, 35, 30, 45, 20, 50, 80, 75, 65, 45, 15, 85, 50, 60, 10, 5, 60, 60, 60",2500 | 23 | 12 | 10 | 10 | 8 | 20 | 2 | 24 | 15 | 30 | 10 | 30 | 65 | 65 | 55 | 35 | 8 | 75 | 30 | 50 | 5 | 1 | 40 | 40 | 40,40,4000 | 32 | 20 | 16 | 20 | 15 | 35 | 6 | 35 | 30 | 45 | 20 | 50 | 80 | 75 | 65 | 45 | 15 | 85 | 50 | 60 | 10 | 5 | 60 | 60 | 60,60,50,"3250, 27.5, 16, 13, 15, 11.5, 27.5, 4, 29.5, 22.5, 37.5, 15, 40, 72.5, 70, 60, 40, 11.5, 80, 40, 55, 7.5, 3, 50, 50, 50"
Person 7,08/09/2018 16:01,3.23,"How many people do you think will take the EA survey?, What percent of people will say they got involved in EA in 2017?, What percent of people will say they first heard about EA from a personal contact?, What percent of people will say they first heard about EA from LessWrong?, What percent of people will say they are involved in a local EA group?, What percent of people will say they have taken the Giving What We Can pledge?, What percent of people will say they find the EA community either welcoming or very welcoming?, What percent of people will say they find the EA community either unwelcoming or very unwelcoming?, What percent of people will say that global poverty should be the top or near top priority?, What percent of people will say that cause prioritisation should be the top or near top priority?, What percent of people will say that reducing risks from AI should be the top or near top priority?, What percent of people will say that animal welfare/rights should be the top or near top priority?, What percent of people will say that meta charities should be the top or near top priority?, What percent of people who took the survey will be between 20 and 35 years of age?, What percent of people will identify as male?, What percent of people will identify as white?, What percent of people will say they live in the US or UK?, What percent of people will say they live in continental Europe?, What percent of people will say they are atheist, agnostic or non-religious?, What percent of people will say they are vegan or vegetarian?, What percent of people will say they are politically on the left or centre left?, What percent of people will say they are politically on the centre?, What percent of people will say they are politically on the right or centre right?, What percent of people will say that they are single?, What percent of people will say that they are employed?, What percent of people will say that they are a student?","100, 5, 10, 20, 10, 50, 60, 10, 10, 20, 30, 20, 10, 70, 70, 50, 40, 20, 70, 20, 30, 20, 10, 50, 40, 10","2000, 20, 50, 30, 50, 90, 90, 40, 40, 80, 90, 80, 70, 95, 95, 95, 80, 60, 95, 40, 70, 60, 30, 85, 90, 40",100 | 5 | 10 | 20 | 10 | 50 | 60 | 10 | 10 | 20 | 30 | 20 | 10 | 70 | 70 | 50 | 40 | 20 | 70 | 20 | 30 | 20 | 10 | 50 | 40 | 10,10,2000 | 20 | 50 | 30 | 50 | 90 | 90 | 40 | 40 | 80 | 90 | 80 | 70 | 95 | 95 | 95 | 80 | 60 | 95 | 40 | 70 | 60 | 30 | 85 | 90 | 40,40,25,"1050, 12.5, 30, 25, 30, 70, 75, 25, 25, 50, 60, 50, 40, 82.5, 82.5, 72.5, 60, 40, 82.5, 30, 50, 40, 20, 67.5, 65, 25"
Person 8,10/09/2018 18:52,51.82,"How many people do you think will take the EA survey?, What percent of people will say they got involved in EA in 2017?, What percent of people will say they first heard about EA from a personal contact?, What percent of people will say they first heard about EA from LessWrong?, What percent of people will say they are involved in a local EA group?, What percent of people will say they have taken the Giving What We Can pledge?, What percent of people will say they find the EA community either welcoming or very welcoming?, What percent of people will say they find the EA community either unwelcoming or very unwelcoming?, What percent of people will say that global poverty should be the top or near top priority?, What percent of people will say that cause prioritisation should be the top or near top priority?, What percent of people will say that reducing risks from AI should be the top or near top priority?, What percent of people will say that animal welfare/rights should be the top or near top priority?, What percent of people will say that meta charities should be the top or near top priority?, What percent of people who took the survey will be between 20 and 35 years of age?, What percent of people will identify as male?, What percent of people will identify as white?, What percent of people will say they live in the US or UK?, What percent of people will say they live in continental Europe?, What percent of people will say they are atheist, agnostic or non-religious?, What percent of people will say they are vegan or vegetarian?, What percent of people will say they are politically on the left or centre left?, What percent of people will say they are politically on the centre?, What percent of people will say they are politically on the right or centre right?, What percent of people will say that they are single?, What percent of people will say that they are employed?, What percent of people will say that they are a student?","3000, 15, 5, 2, 25, 3, 75, 1, 5, 5, 40, 7, 2, 55, 65, 75, 50, 5, 85, 15, 30, 20, 6, 30, 30, 25","12000, 40, 35, 28, 70, 40, 99, 25, 25, 30, 80, 35, 20, 95, 90, 98, 90, 30, 99, 60, 90, 90, 40, 85, 85, 75",3000 | 15 | 5 | 2 | 25 | 3 | 75 | 1 | 5 | 5 | 40 | 7 | 2 | 55 | 65 | 75 | 50 | 5 | 85 | 15 | 30 | 20 | 6 | 30 | 30 | 25,25,12000 | 40 | 35 | 28 | 70 | 40 | 99 | 25 | 25 | 30 | 80 | 35 | 20 | 95 | 90 | 98 | 90 | 30 | 99 | 60 | 90 | 90 | 40 | 85 | 85 | 75,75,50,"7500, 27.5, 20, 15, 47.5, 21.5, 87, 13, 15, 17.5, 60, 21, 11, 75, 77.5, 86.5, 70, 17.5, 92, 37.5, 60, 55, 23, 57.5, 57.5, 50"
Person 9,07/09/2018 22:13,6.3,"How many people do you think will take the EA survey?, What percent of people will say they got involved in EA in 2017?, What percent of people will say they first heard about EA from a personal contact?, What percent of people will say they first heard about EA from LessWrong?, What percent of people will say they are involved in a local EA group?, What percent of people will say they have taken the Giving What We Can pledge?, What percent of people will say they find the EA community either welcoming or very welcoming?, What percent of people will say they find the EA community either unwelcoming or very unwelcoming?, What percent of people will say that global poverty should be the top or near top priority?, What percent of people will say that cause prioritisation should be the top or near top priority?, What percent of people will say that reducing risks from AI should be the top or near top priority?, What percent of people will say that animal welfare/rights should be the top or near top priority?, What percent of people will say that meta charities should be the top or near top priority?, What percent of people who took the survey will be between 20 and 35 years of age?, What percent of people will identify as male?, What percent of people will identify as white?, What percent of people will say they live in the US or UK?, What percent of people will say they live in continental Europe?, What percent of people will say they are atheist, agnostic or non-religious?, What percent of people will say they are vegan or vegetarian?, What percent of people will say they are politically on the left or centre left?, What percent of people will say they are politically on the centre?, What percent of people will say they are politically on the right or centre right?, What percent of people will say that they are single?, What percent of people will say that they are employed?, What percent of people will say that they are a student?","200, 20, 10, 5, 10, 5, 70, 5, 40, 30, 20, 20, 30, 60, 65, 70, 60, 15, 70, 20, 65, 5, 3, 30, 50, 20","5000, 50, 40, 30, 40, 25, 95, 30, 70, 70, 60, 60, 80, 90, 85, 90, 85, 30, 95, 70, 95, 30, 20, 80, 80, 50",200 | 20 | 10 | 5 | 10 | 5 | 70 | 5 | 40 | 30 | 20 | 20 | 30 | 60 | 65 | 70 | 60 | 15 | 70 | 20 | 65 | 5 | 3 | 30 | 50 | 20,20,5000 | 50 | 40 | 30 | 40 | 25 | 95 | 30 | 70 | 70 | 60 | 60 | 80 | 90 | 85 | 90 | 85 | 30 | 95 | 70 | 95 | 30 | 20 | 80 | 80 | 50,50,35,"2600, 35, 25, 17.5, 25, 15, 82.5, 17.5, 55, 50, 40, 40, 55, 75, 75, 80, 72.5, 22.5, 82.5, 45, 80, 17.5, 11.5, 55, 65, 35"
Person 10,07/09/2018 22:11,47.2,"How many people do you think will take the EA survey?, What percent of people will say they got involved in EA in 2017?, What percent of people will say they first heard about EA from a personal contact?, What percent of people will say they first heard about EA from LessWrong?, What percent of people will say they are involved in a local EA group?, What percent of people will say they have taken the Giving What We Can pledge?, What percent of people will say they find the EA community either welcoming or very welcoming?, What percent of people will say they find the EA community either unwelcoming or very unwelcoming?, What percent of people will say that global poverty should be the top or near top priority?, What percent of people will say that cause prioritisation should be the top or near top priority?, What percent of people will say that reducing risks from AI should be the top or near top priority?, What percent of people will say that animal welfare/rights should be the top or near top priority?, What percent of people will say that meta charities should be the top or near top priority?, What percent of people who took the survey will be between 20 and 35 years of age?, What percent of people will identify as male?, What percent of people will identify as white?, What percent of people will say they live in the US or UK?, What percent of people will say they live in continental Europe?, What percent of people will say they are atheist, agnostic or non-religious?, What percent of people will say they are vegan or vegetarian?, What percent of people will say they are politically on the left or centre left?, What percent of people will say they are politically on the centre?, What percent of people will say they are politically on the right or centre right?, What percent of people will say that they are single?, What percent of people will say that they are employed?, What percent of people will say that they are a student?","1500, 10, 10, 10, 2, 10, 55, 5, 40, 30, 25, 25, 28, 70, 65, 75, 63, 14, 80, 15, 60, 5, 1, 30, 70, 15","3000, 40, 30, 40, 20, 50, 80, 20, 70, 40, 45, 40, 38, 90, 80, 95, 66, 19, 87, 25, 70, 15, 7, 50, 90, 25",1500 | 10 | 10 | 10 | 2 | 10 | 55 | 5 | 40 | 30 | 25 | 25 | 28 | 70 | 65 | 75 | 63 | 14 | 80 | 15 | 60 | 5 | 1 | 30 | 70 | 15,15,3000 | 40 | 30 | 40 | 20 | 50 | 80 | 20 | 70 | 40 | 45 | 40 | 38 | 90 | 80 | 95 | 66 | 19 | 87 | 25 | 70 | 15 | 7 | 50 | 90 | 25,25,20,"2250, 25, 20, 25, 11, 30, 67.5, 12.5, 55, 35, 35, 32.5, 33, 80, 72.5, 85, 64.5, 16.5, 83.5, 20, 65, 10, 4, 40, 80, 20"
Person 11,08/09/2018 05:34,14.48,"How many people do you think will take the EA survey?, What percent of people will say they got involved in EA in 2017?, What percent of people will say they first heard about EA from a personal contact?, What percent of people will say they first heard about EA from LessWrong?, What percent of people will say they are involved in a local EA group?, What percent of people will say they have taken the Giving What We Can pledge?, What percent of people will say they find the EA community either welcoming or very welcoming?, What percent of people will say they find the EA community either unwelcoming or very unwelcoming?, What percent of people will say that global poverty should be the top or near top priority?, What percent of people will say that cause prioritisation should be the top or near top priority?, What percent of people will say that reducing risks from AI should be the top or near top priority?, What percent of people will say that animal welfare/rights should be the top or near top priority?, What percent of people will say that meta charities should be the top or near top priority?, What percent of people who took the survey will be between 20 and 35 years of age?, What percent of people will identify as male?, What percent of people will identify as white?, What percent of people will say they live in the US or UK?, What percent of people will say they live in continental Europe?, What percent of people will say they are atheist, agnostic or non-religious?, What percent of people will say they are vegan or vegetarian?, What percent of people will say they are politically on the left or centre left?, What percent of people will say they are politically on the centre?, What percent of people will say they are politically on the right or centre right?, What percent of people will say that they are single?, What percent of people will say that they are employed?, What percent of people will say that they are a student?","200, 10, 8, 8, 20, 7, 25, 6, 25, 5, 10, 10, 5, 50, 60, 60, 45, 5, 75, 5, 20, 20, 1, 50, 50, 25","5000, 50, 35, 25, 60, 40, 75, 30, 75, 20, 35, 35, 20, 90, 85, 90, 80, 35, 99, 35, 75, 70, 15, 80, 90, 55",200 | 10 | 8 | 8 | 20 | 7 | 25 | 6 | 25 | 5 | 10 | 10 | 5 | 50 | 60 | 60 | 45 | 5 | 75 | 5 | 20 | 20 | 1 | 50 | 50 | 25,25,5000 | 50 | 35 | 25 | 60 | 40 | 75 | 30 | 75 | 20 | 35 | 35 | 20 | 90 | 85 | 90 | 80 | 35 | 99 | 35 | 75 | 70 | 15 | 80 | 90 | 55,55,40,"2600, 30, 21.5, 16.5, 40, 23.5, 50, 18, 50, 12.5, 22.5, 22.5, 12.5, 70, 72.5, 75, 62.5, 20, 87, 20, 47.5, 45, 8, 65, 70, 40"
Person 12,07/09/2018 20:38,38.2,"How many people do you think will take the EA survey?, What percent of people will say they got involved in EA in 2017?, What percent of people will say they first heard about EA from a personal contact?, What percent of people will say they first heard about EA from LessWrong?, What percent of people will say they are involved in a local EA group?, What percent of people will say they have taken the Giving What We Can pledge?, What percent of people will say they find the EA community either welcoming or very welcoming?, What percent of people will say they find the EA community either unwelcoming or very unwelcoming?, What percent of people will say that global poverty should be the top or near top priority?, What percent of people will say that cause prioritisation should be the top or near top priority?, What percent of people will say that reducing risks from AI should be the top or near top priority?, What percent of people will say that animal welfare/rights should be the top or near top priority?, What percent of people will say that meta charities should be the top or near top priority?, What percent of people who took the survey will be between 20 and 35 years of age?, What percent of people will identify as male?, What percent of people will identify as white?, What percent of people will say they live in the US or UK?, What percent of people will say they live in continental Europe?, What percent of people will say they are atheist, agnostic or non-religious?, What percent of people will say they are vegan or vegetarian?, What percent of people will say they are politically on the left or centre left?, What percent of people will say they are politically on the centre?, What percent of people will say they are politically on the right or centre right?, What percent of people will say that they are single?, What percent of people will say that they are employed?, What percent of people will say that they are a student?","2500, 15, 20, 10, 25, 20, 60, 5, 65, 40, 50, 25, 25, 85, 65, 80, 50, 25, 80, 25, 80, 20, 5, 50, 40, 35","3500, 40, 50, 40, 75, 35, 80, 15, 75, 60, 60, 35, 35, 95, 75, 90, 75, 35, 90, 35, 90, 30, 10, 75, 60, 45",2500 | 15 | 20 | 10 | 25 | 20 | 60 | 5 | 65 | 40 | 50 | 25 | 25 | 85 | 65 | 80 | 50 | 25 | 80 | 25 | 80 | 20 | 5 | 50 | 40 | 35,35,3500 | 40 | 50 | 40 | 75 | 35 | 80 | 15 | 75 | 60 | 60 | 35 | 35 | 95 | 75 | 90 | 75 | 35 | 90 | 35 | 90 | 30 | 10 | 75 | 60 | 45,45,40,"3000, 27.5, 35, 25, 50, 27.5, 70, 10, 70, 50, 55, 30, 30, 90, 70, 85, 62.5, 30, 85, 30, 85, 25, 7.5, 62.5, 50, 40"
Person 13,08/09/2018 00:56,906.6,"How many people do you think will take the EA survey?, What percent of people will say they got involved in EA in 2017?, What percent of people will say they first heard about EA from a personal contact?, What percent of people will say they first heard about EA from LessWrong?, What percent of people will say they are involved in a local EA group?, What percent of people will say they have taken the Giving What We Can pledge?, What percent of people will say they find the EA community either welcoming or very welcoming?, What percent of people will say they find the EA community either unwelcoming or very unwelcoming?, What percent of people will say that global poverty should be the top or near top priority?, What percent of people will say that cause prioritisation should be the top or near top priority?, What percent of people will say that reducing risks from AI should be the top or near top priority?, What percent of people will say that animal welfare/rights should be the top or near top priority?, What percent of people will say that meta charities should be the top or near top priority?, What percent of people who took the survey will be between 20 and 35 years of age?, What percent of people will identify as male?, What percent of people will identify as white?, What percent of people will say they live in the US or UK?, What percent of people will say they live in continental Europe?, What percent of people will say they are atheist, agnostic or non-religious?, What percent of people will say they are vegan or vegetarian?, What percent of people will say they are politically on the left or centre left?, What percent of people will say they are politically on the centre?, What percent of people will say they are politically on the right or centre right?, What percent of people will say that they are single?, What percent of people will say that they are employed?, What percent of people will say that they are a student?","2500, 5, 15, 30, 5, 15, 40, 5, 50, 10, 10, 10, 10, 80, 60, 50, 70, 30, 70, 20, 60, 30, 10, 50, 50, 10","3000, 15, 25, 50, 25, 30, 80, 20, 70, 15, 30, 30, 30, 90, 80, 90, 80, 50, 90, 40, 80, 50, 30, 80, 80, 30",2500 | 5 | 15 | 30 | 5 | 15 | 40 | 5 | 50 | 10 | 10 | 10 | 10 | 80 | 60 | 50 | 70 | 30 | 70 | 20 | 60 | 30 | 10 | 50 | 50 | 10,10,3000 | 15 | 25 | 50 | 25 | 30 | 80 | 20 | 70 | 15 | 30 | 30 | 30 | 90 | 80 | 90 | 80 | 50 | 90 | 40 | 80 | 50 | 30 | 80 | 80 | 30,30,20,"2750, 10, 20, 40, 15, 22.5, 60, 12.5, 60, 12.5, 20, 20, 20, 85, 70, 70, 75, 40, 80, 30, 70, 40, 20, 65, 65, 20"
Person 14,09/09/2018 06:11,1106.02,"How many people do you think will take the EA survey?, What percent of people will say they got involved in EA in 2017?, What percent of people will say they first heard about EA from a personal contact?, What percent of people will say they first heard about EA from LessWrong?, What percent of people will say they are involved in a local EA group?, What percent of people will say they have taken the Giving What We Can pledge?, What percent of people will say they find the EA community either welcoming or very welcoming?, What percent of people will say they find the EA community either unwelcoming or very unwelcoming?, What percent of people will say that global poverty should be the top or near top priority?, What percent of people will say that cause prioritisation should be the top or near top priority?, What percent of people will say that reducing risks from AI should be the top or near top priority?, What percent of people will say that animal welfare/rights should be the top or near top priority?, What percent of people will say that meta charities should be the top or near top priority?, What percent of people who took the survey will be between 20 and 35 years of age?, What percent of people will identify as male?, What percent of people will identify as white?, What percent of people will say they live in the US or UK?, What percent of people will say they live in continental Europe?, What percent of people will say they are atheist, agnostic or non-religious?, What percent of people will say they are vegan or vegetarian?, What percent of people will say they are politically on the left or centre left?, What percent of people will say they are politically on the centre?, What percent of people will say they are politically on the right or centre right?, What percent of people will say that they are single?, What percent of people will say that they are employed?, What percent of people will say that they are a student?","1500, 2, 10, 5, 2, 1, 20, 10, 20, 19, 16, 7, 6, 60, 60, 70, 50, 10, 70, 30, 60, 5, 4, 60, 75, 10","2200, 30, 25, 30, 20, 60, 70, 40, 40, 40, 50, 40, 35, 90, 80, 90, 70, 30, 95, 70, 85, 40, 35, 90, 98, 45",1500 | 2 | 10 | 5 | 2 | 1 | 20 | 10 | 20 | 19 | 16 | 7 | 6 | 60 | 60 | 70 | 50 | 10 | 70 | 30 | 60 | 5 | 4 | 60 | 75 | 10,10,2200 | 30 | 25 | 30 | 20 | 60 | 70 | 40 | 40 | 40 | 50 | 40 | 35 | 90 | 80 | 90 | 70 | 30 | 95 | 70 | 85 | 40 | 35 | 90 | 98 | 45,45,27.5,"1850, 16, 17.5, 17.5, 11, 30.5, 45, 25, 30, 29.5, 33, 23.5, 20.5, 75, 70, 80, 60, 20, 82.5, 50, 72.5, 22.5, 19.5, 75, 86.5, 27.5"
Person 15,07/09/2018 22:10,6.12,"How many people do you think will take the EA survey?, What percent of people will say they got involved in EA in 2017?, What percent of people will say they first heard about EA from a personal contact?, What percent of people will say they first heard about EA from LessWrong?, What percent of people will say they are involved in a local EA group?, What percent of people will say they have taken the Giving What We Can pledge?, What percent of people will say they find the EA community either welcoming or very welcoming?, What percent of people will say they find the EA community either unwelcoming or very unwelcoming?, What percent of people will say that global poverty should be the top or near top priority?, What percent of people will say that cause prioritisation should be the top or near top priority?, What percent of people will say that reducing risks from AI should be the top or near top priority?, What percent of people will say that animal welfare/rights should be the top or near top priority?, What percent of people will say that meta charities should be the top or near top priority?, What percent of people who took the survey will be between 20 and 35 years of age?, What percent of people will identify as male?, What percent of people will identify as white?, What percent of people will say they live in the US or UK?, What percent of people will say they live in continental Europe?, What percent of people will say they are atheist, agnostic or non-religious?, What percent of people will say they are vegan or vegetarian?, What percent of people will say they are politically on the left or centre left?, What percent of people will say they are politically on the centre?, What percent of people will say they are politically on the right or centre right?, What percent of people will say that they are single?, What percent of people will say that they are employed?, What percent of people will say that they are a student?","1000, 40, 50, 10, 10, 20, 30, 10, 30, 40, 10, 10, 10, 50, 60, 60, 50, 10, 40, 10, 40, 20, 10, 50, 40, 10","5000, 60, 85, 40, 50, 60, 80, 80, 90, 95, 60, 40, 95, 90, 80, 80, 70, 30, 75, 50, 85, 40, 25, 70, 70, 40",1000 | 40 | 50 | 10 | 10 | 20 | 30 | 10 | 30 | 40 | 10 | 10 | 10 | 50 | 60 | 60 | 50 | 10 | 40 | 10 | 40 | 20 | 10 | 50 | 40 | 10,10,5000 | 60 | 85 | 40 | 50 | 60 | 80 | 80 | 90 | 95 | 60 | 40 | 95 | 90 | 80 | 80 | 70 | 30 | 75 | 50 | 85 | 40 | 25 | 70 | 70 | 40,40,25,"3000, 50, 67.5, 25, 30, 40, 55, 45, 60, 67.5, 35, 25, 52.5, 70, 70, 70, 60, 20, 57.5, 30, 62.5, 30, 17.5, 60, 55, 25"
Person 16,15/09/2018 11:21,7.1,"How many people do you think will take the EA survey?, What percent of people will say they got involved in EA in 2017?, What percent of people will say they first heard about EA from a personal contact?, What percent of people will say they first heard about EA from LessWrong?, What percent of people will say they are involved in a local EA group?, What percent of people will say they have taken the Giving What We Can pledge?, What percent of people will say they find the EA community either welcoming or very welcoming?, What percent of people will say they find the EA community either unwelcoming or very unwelcoming?, What percent of people will say that global poverty should be the top or near top priority?, What percent of people will say that cause prioritisation should be the top or near top priority?, What percent of people will say that reducing risks from AI should be the top or near top priority?, What percent of people will say that animal welfare/rights should be the top or near top priority?, What percent of people will say that meta charities should be the top or near top priority?, What percent of people who took the survey will be between 20 and 35 years of age?, What percent of people will identify as male?, What percent of people will identify as white?, What percent of people will say they live in the US or UK?, What percent of people will say they live in continental Europe?, What percent of people will say they are atheist, agnostic or non-religious?, What percent of people will say they are vegan or vegetarian?, What percent of people will say they are politically on the left or centre left?, What percent of people will say they are politically on the centre?, What percent of people will say they are politically on the right or centre right?, What percent of people will say that they are single?, What percent of people will say that they are employed?, What percent of people will say that they are a student?","200, 100, 5, 5, 25, 10, 30, 5, 40, 5, 35, 5, 5, 75, 70, 80, 30, 20, 75, 5, 15, 5, 20, 30, 30, 20","3000, 600, 30, 30, 70, 45, 80, 20, 80, 20, 70, 25, 15, 90, 85, 97, 68, 40, 97, 15, 45, 15, 40, 60, 75, 50",200 | 100 | 5 | 5 | 25 | 10 | 30 | 5 | 40 | 5 | 35 | 5 | 5 | 75 | 70 | 80 | 30 | 20 | 75 | 5 | 15 | 5 | 20 | 30 | 30 | 20,20,3000 | 600 | 30 | 30 | 70 | 45 | 80 | 20 | 80 | 20 | 70 | 25 | 15 | 90 | 85 | 97 | 68 | 40 | 97 | 15 | 45 | 15 | 40 | 60 | 75 | 50,50,35,"1600, 350, 17.5, 17.5, 47.5, 27.5, 55, 12.5, 60, 12.5, 52.5, 15, 10, 82.5, 77.5, 88.5, 49, 30, 86, 10, 30, 10, 30, 45, 52.5, 35"
Person 17,08/09/2018 01:14,48.62,"How many people do you think will take the EA survey?, What percent of people will say they got involved in EA in 2017?, What percent of people will say they first heard about EA from a personal contact?, What percent of people will say they first heard about EA from LessWrong?, What percent of people will say they are involved in a local EA group?, What percent of people will say they have taken the Giving What We Can pledge?, What percent of people will say they find the EA community either welcoming or very welcoming?, What percent of people will say they find the EA community either unwelcoming or very unwelcoming?, What percent of people will say that global poverty should be the top or near top priority?, What percent of people will say that cause prioritisation should be the top or near top priority?, What percent of people will say that reducing risks from AI should be the top or near top priority?, What percent of people will say that animal welfare/rights should be the top or near top priority?, What percent of people will say that meta charities should be the top or near top priority?, What percent of people who took the survey will be between 20 and 35 years of age?, What percent of people will identify as male?, What percent of people will identify as white?, What percent of people will say they live in the US or UK?, What percent of people will say they live in continental Europe?, What percent of people will say they are atheist, agnostic or non-religious?, What percent of people will say they are vegan or vegetarian?, What percent of people will say they are politically on the left or centre left?, What percent of people will say they are politically on the centre?, What percent of people will say they are politically on the right or centre right?, What percent of people will say that they are single?, What percent of people will say that they are employed?, What percent of people will say that they are a student?","400, 5, 20, 25, 5, 5, 60, 2, 35, 2, 15, 10, 10, 40, 55, 70, 50, 3, 70, 20, 70, 70, 5, 40, 30, 20","4000, 60, 90, 70, 45, 70, 95, 30, 80, 60, 40, 45, 60, 95, 85, 98, 90, 25, 95, 90, 95, 95, 30, 80, 80, 70",400 | 5 | 20 | 25 | 5 | 5 | 60 | 2 | 35 | 2 | 15 | 10 | 10 | 40 | 55 | 70 | 50 | 3 | 70 | 20 | 70 | 5 | 40 | 30 | 20,20,4000 | 60 | 90 | 70 | 45 | 70 | 95 | 30 | 80 | 60 | 40 | 45 | 60 | 95 | 85 | 98 | 90 | 25 | 95 | 90 | 95 | 30 | 80 | 80 | 70,70,45,"2200, 32.5, 55, 47.5, 25, 37.5, 77.5, 16, 57.5, 31, 27.5, 27.5, 35, 67.5, 70, 84, 70, 14, 82.5, 55, 82.5, 82.5, 17.5, 60, 55, 45"
Person 18,07/09/2018 22:11,13.97,"How many people do you think will take the EA survey?, What percent of people will say they got involved in EA in 2017?, What percent of people will say they first heard about EA from a personal contact?, What percent of people will say they first heard about EA from LessWrong?, What percent of people will say they are involved in a local EA group?, What percent of people will say they have taken the Giving What We Can pledge?, What percent of people will say they find the EA community either welcoming or very welcoming?, What percent of people will say they find the EA community either unwelcoming or very unwelcoming?, What percent of people will say that global poverty should be the top or near top priority?, What percent of people will say that cause prioritisation should be the top or near top priority?, What percent of people will say that reducing risks from AI should be the top or near top priority?, What percent of people will say that animal welfare/rights should be the top or near top priority?, What percent of people will say that meta charities should be the top or near top priority?, What percent of people who took the survey will be between 20 and 35 years of age?, What percent of people will identify as male?, What percent of people will identify as white?, What percent of people will say they live in the US or UK?, What percent of people will say they live in continental Europe?, What percent of people will say they are atheist, agnostic or non-religious?, What percent of people will say they are vegan or vegetarian?, What percent of people will say they are politically on the left or centre left?, What percent of people will say they are politically on the centre?, What percent of people will say they are politically on the right or centre right?, What percent of people will say that they are single?, What percent of people will say that they are employed?, What percent of people will say that they are a student?","300, 25, 20, 5, 10, 5, 50, 5, 20, 20, 15, 15, 20, 60, 60, 70, 60, 10, 60, 15, 40, 10, 10, 40, 80, 18","2000, 80, 70, 40, 50, 50, 90, 40, 70, 60, 70, 55, 60, 85, 85, 92, 90, 25, 93, 50, 80, 25, 30, 85, 95, 40",300 | 25 | 20 | 5 | 10 | 5 | 50 | 5 | 20 | 20 | 15 | 15 | 20 | 60 | 60 | 70 | 60 | 10 | 60 | 15 | 40 | 10 | 10 | 40 | 80 | 18,18,2000 | 80 | 70 | 40 | 50 | 50 | 90 | 40 | 70 | 60 | 70 | 55 | 60 | 85 | 85 | 92 | 90 | 25 | 93 | 50 | 80 | 25 | 30 | 85 | 95 | 40,40,29,"1150, 52.5, 45, 22.5, 30, 27.5, 70, 22.5, 45, 40, 42.5, 35, 40, 72.5, 72.5, 81, 75, 17.5, 76.5, 32.5, 60, 17.5, 20, 62.5, 87.5, 29"
Person 19,10/09/2018 19:13,57.63,"How many people do you think will take the EA survey?, What percent of people will say they got involved in EA in 2017?, What percent of people will say they first heard about EA from a personal contact?, What percent of people will say they first heard about EA from LessWrong?, What percent of people will say they are involved in a local EA group?, What percent of people will say they have taken the Giving What We Can pledge?, What percent of people will say they find the EA community either welcoming or very welcoming?, What percent of people will say they find the EA community either unwelcoming or very unwelcoming?, What percent of people will say that global poverty should be the top or near top priority?, What percent of people will say that cause prioritisation should be the top or near top priority?, What percent of people will say that reducing risks from AI should be the top or near top priority?, What percent of people will say that animal welfare/rights should be the top or near top priority?, What percent of people will say that meta charities should be the top or near top priority?, What percent of people who took the survey will be between 20 and 35 years of age?, What percent of people will identify as male?, What percent of people will identify as white?, What percent of people will say they live in the US or UK?, What percent of people will say they live in continental Europe?, What percent of people will say they are atheist, agnostic or non-religious?, What percent of people will say they are vegan or vegetarian?, What percent of people will say they are politically on the left or centre left?, What percent of people will say they are politically on the centre?, What percent of people will say they are politically on the right or centre right?, What percent of people will say that they are single?, What percent of people will say that they are employed?, What percent of people will say that they are a student?","1000, 40, 10, 10, 10, 5, 20, 0, 10, 30, 10, 5, 20, 40, 50, 30, 50, 10, 80, 30, 40, 20, 0, 20, 30, 25","60000, 100, 90, 80, 80, 60, 95, 20, 70, 90, 80, 40, 80, 90, 80, 90, 80, 30, 100, 60, 80, 90, 30, 80, 80, 60",1000 | 40 | 10 | 10 | 10 | 5 | 20 | 0 | 10 | 30 | 10 | 5 | 20 | 40 | 50 | 30 | 50 | 10 | 80 | 30 | 40 | 20 | 0 | 20 | 30 | 25,25,60000 | 100 | 90 | 80 | 80 | 60 | 95 | 20 | 70 | 90 | 80 | 40 | 80 | 90 | 80 | 90 | 80 | 30 | 100 | 60 | 80 | 90 | 30 | 80 | 80 | 60,60,42.5,"30500, 70, 50, 45, 45, 32.5, 57.5, 10, 40, 60, 45, 22.5, 50, 65, 65, 60, 65, 20, 90, 45, 60, 55, 15, 50, 55, 42.5"
Person 20,07/09/2018 23:42,36.88,"How many people do you think will take the EA survey?, What percent of people will say they got involved in EA in 2017?, What percent of people will say they first heard about EA from a personal contact?, What percent of people will say they first heard about EA from LessWrong?, What percent of people will say they are involved in a local EA group?, What percent of people will say they have taken the Giving What We Can pledge?, What percent of people will say they find the EA community either welcoming or very welcoming?, What percent of people will say they find the EA community either unwelcoming or very unwelcoming?, What percent of people will say that global poverty should be the top or near top priority?, What percent of people will say that cause prioritisation should be the top or near top priority?, What percent of people will say that reducing risks from AI should be the top or near top priority?, What percent of people will say that animal welfare/rights should be the top or near top priority?, What percent of people will say that meta charities should be the top or near top priority?, What percent of people who took the survey will be between 20 and 35 years of age?, What percent of people will identify as male?, What percent of people will identify as white?, What percent of people will say they live in the US or UK?, What percent of people will say they live in continental Europe?, What percent of people will say they are atheist, agnostic or non-religious?, What percent of people will say they are vegan or vegetarian?, What percent of people will say they are politically on the left or centre left?, What percent of people will say they are politically on the centre?, What percent of people will say they are politically on the right or centre right?, What percent of people will say that they are single?, What percent of people will say that they are employed?, What percent of people will say that they are a student?","500, 15, 8, 7, 8, 8, 50, 2, 20, 10, 10, 7, 4, 65, 60, 80, 52, 15, 72, 40, 58, 5, 4, 30, 80, 4","3300, 40, 18, 25, 35, 45, 80, 20, 45, 35, 35, 25, 20, 85, 75, 92, 70, 30, 85, 60, 68, 18, 12, 65, 95, 12",500 | 15 | 8 | 7 | 8 | 8 | 50 | 2 | 20 | 10 | 10 | 7 | 4 | 65 | 60 | 80 | 52 | 15 | 72 | 40 | 58 | 5 | 4 | 30 | 80 | 4,4,3300 | 40 | 18 | 25 | 35 | 45 | 80 | 20 | 45 | 35 | 35 | 25 | 20 | 85 | 75 | 92 | 70 | 30 | 85 | 60 | 68 | 18 | 12 | 65 | 95 | 12,12,8,"1900, 27.5, 13, 16, 21.5, 26.5, 65, 11, 32.5, 22.5, 22.5, 16, 12, 75, 67.5, 86, 61, 22.5, 78.5, 50, 63, 11.5, 8, 47.5, 87.5, 8"
Person 21,08/09/2018 04:53,125.47,"How many people do you think will take the EA survey?, What percent of people will say they got involved in EA in 2017?, What percent of people will say they first heard about EA from a personal contact?, What percent of people will say they first heard about EA from LessWrong?, What percent of people will say they are involved in a local EA group?, What percent of people will say they have taken the Giving What We Can pledge?, What percent of people will say they find the EA community either welcoming or very welcoming?, What percent of people will say they find the EA community either unwelcoming or very unwelcoming?, What percent of people will say that global poverty should be the top or near top priority?, What percent of people will say that cause prioritisation should be the top or near top priority?, What percent of people will say that reducing risks from AI should be the top or near top priority?, What percent of people will say that animal welfare/rights should be the top or near top priority?, What percent of people will say that meta charities should be the top or near top priority?, What percent of people who took the survey will be between 20 and 35 years of age?, What percent of people will identify as male?, What percent of people will identify as white?, What percent of people will say they live in the US or UK?, What percent of people will say they live in continental Europe?, What percent of people will say they are atheist, agnostic or non-religious?, What percent of people will say they are vegan or vegetarian?, What percent of people will say they are politically on the left or centre left?, What percent of people will say they are politically on the centre?, What percent of people will say they are politically on the right or centre right?, What percent of people will say that they are single?, What percent of people will say that they are employed?, What percent of people will say that they are a student?","2000, 5, 20, 10, 10, 5, 60, 5, 5, 5, 5, 5, 5, 60, 50, 70, 60, 30, 60, 40, 30, 30, 10, 30, 50, 30","10000, 20, 50, 40, 40, 35, 80, 30, 5, 5, 5, 5, 5, 90, 70, 95, 90, 70, 85, 80, 70, 70, 40, 70, 80, 60",2000 | 5 | 20 | 10 | 10 | 5 | 60 | 5 | 5 | 5 | 5 | 5 | 5 | 60 | 50 | 70 | 60 | 30 | 60 | 40 | 30 | 30 | 10 | 30 | 50 | 30,30,10000 | 20 | 50 | 40 | 40 | 35 | 80 | 30 | 5 | 5 | 5 | 5 | 5 | 90 | 70 | 95 | 90 | 70 | 85 | 80 | 70 | 70 | 40 | 70 | 80 | 60,60,45,"6000, 12.5, 35, 25, 25, 20, 70, 17.5, 5, 5, 5, 5, 5, 75, 60, 82.5, 75, 50, 72.5, 60, 50, 50, 25, 50, 65, 45"
Person 22,11/09/2018 10:47,23.8,"How many people do you think will take the EA survey?, What percent of people will say they got involved in EA in 2017?, What percent of people will say they first heard about EA from a personal contact?, What percent of people will say they first heard about EA from LessWrong?, What percent of people will say they are involved in a local EA group?, What percent of people will say they have taken the Giving What We Can pledge?, What percent of people will say they find the EA community either welcoming or very welcoming?, What percent of people will say they find the EA community either unwelcoming or very unwelcoming?, What percent of people will say that global poverty should be the top or near top priority?, What percent of people will say that cause prioritisation should be the top or near top priority?, What percent of people will say that reducing risks from AI should be the top or near top priority?, What percent of people will say that animal welfare/rights should be the top or near top priority?, What percent of people will say that meta charities should be the top or near top priority?, What percent of people who took the survey will be between 20 and 35 years of age?, What percent of people will identify as male?, What percent of people will identify as white?, What percent of people will say they live in the US or UK?, What percent of people will say they live in continental Europe?, What percent of people will say they are atheist, agnostic or non-religious?, What percent of people will say they are vegan or vegetarian?, What percent of people will say they are politically on the left or centre left?, What percent of people will say they are politically on the centre?, What percent of people will say they are politically on the right or centre right?, What percent of people will say that they are single?, What percent of people will say that they are employed?, What percent of people will say that they are a student?","1500, 15, 10, 7, 30, 30, 50, 5, 30, 40, 40, 50, 40, 70, 60, 70, 40, 20, 70, 60, 50, 20, 20, 30, 15, 40","3500, 40, 20, 20, 70, 60, 90, 35, 80, 70, 70, 70, 70, 90, 80, 95, 70, 60, 90, 90, 70, 60, 50, 70, 50, 70",1500 | 15 | 10 | 7 | 30 | 30 | 50 | 5 | 30 | 40 | 40 | 50 | 40 | 70 | 60 | 70 | 40 | 20 | 70 | 60 | 50 | 20 | 20 | 30 | 15 | 40,40,3500 | 40 | 20 | 20 | 70 | 60 | 90 | 35 | 80 | 70 | 70 | 70 | 70 | 90 | 80 | 95 | 70 | 60 | 90 | 90 | 70 | 60 | 50 | 70 | 50 | 70,70,55,"2500, 27.5, 15, 13.5, 50, 45, 70, 20, 55, 55, 55, 60, 55, 80, 70, 82.5, 55, 40, 80, 75, 60, 40, 35, 50, 32.5, 55"
Person 23,09/09/2018 15:14,15.42,"How many people do you think will take the EA survey?, What percent of people will say they got involved in EA in 2017?, What percent of people will say they first heard about EA from a personal contact?, What percent of people will say they first heard about EA from LessWrong?, What percent of people will say they are involved in a local EA group?, What percent of people will say they have taken the Giving What We Can pledge?, What percent of people will say they find the EA community either welcoming or very welcoming?, What percent of people will say they find the EA community either unwelcoming or very unwelcoming?, What percent of people will say that global poverty should be the top or near top priority?, What percent of people will say that cause prioritisation should be the top or near top priority?, What percent of people will say that reducing risks from AI should be the top or near top priority?, What percent of people will say that animal welfare/rights should be the top or near top priority?, What percent of people will say that meta charities should be the top or near top priority?, What percent of people who took the survey will be between 20 and 35 years of age?, What percent of people will identify as male?, What percent of people will identify as white?, What percent of people will say they live in the US or UK?, What percent of people will say they live in continental Europe?, What percent of people will say they are atheist, agnostic or non-religious?, What percent of people will say they are vegan or vegetarian?, What percent of people will say they are politically on the left or centre left?, What percent of people will say they are politically on the centre?, What percent of people will say they are politically on the right or centre right?, What percent of people will say that they are single?, What percent of people will say that they are employed?, What percent of people will say that they are a student?","400, 15, 25, 15, 20, 5, 45, 10, 35, 10, 15, 10, 5, 60, 65, 70, 40, 25, 60, 35, 55, 15, 10, 50, 55, 30","1200, 40, 40, 20, 30, 15, 70, 20, 55, 20, 30, 20, 15, 80, 80, 85, 55, 40, 80, 55, 70, 20, 15, 65, 70, 45",400 | 15 | 25 | 15 | 20 | 5 | 45 | 10 | 35 | 10 | 15 | 10 | 5 | 60 | 65 | 70 | 40 | 25 | 60 | 35 | 55 | 15 | 10 | 50 | 55 | 30,30,1200 | 40 | 40 | 20 | 30 | 15 | 70 | 20 | 55 | 20 | 30 | 20 | 15 | 80 | 80 | 85 | 55 | 40 | 80 | 55 | 70 | 20 | 15 | 65 | 70 | 45,45,37.5,"800, 27.5, 32.5, 17.5, 25, 10, 57.5, 15, 45, 15, 22.5, 15, 10, 70, 72.5, 77.5, 47.5, 32.5, 70, 45, 62.5, 17.5, 12.5, 57.5, 62.5, 37.5"
Person 24,09/09/2018 00:20,7.93,"How many people do you think will take the EA survey?, What percent of people will say they got involved in EA in 2017?, What percent of people will say they first heard about EA from a personal contact?, What percent of people will say they first heard about EA from LessWrong?, What percent of people will say they are involved in a local EA group?, What percent of people will say they have taken the Giving What We Can pledge?, What percent of people will say they find the EA community either welcoming or very welcoming?, What percent of people will say they find the EA community either unwelcoming or very unwelcoming?, What percent of people will say that global poverty should be the top or near top priority?, What percent of people will say that cause prioritisation should be the top or near top priority?, What percent of people will say that reducing risks from AI should be the top or near top priority?, What percent of people will say that animal welfare/rights should be the top or near top priority?, What percent of people will say that meta charities should be the top or near top priority?, What percent of people who took the survey will be between 20 and 35 years of age?, What percent of people will identify as male?, What percent of people will identify as white?, What percent of people will say they live in the US or UK?, What percent of people will say they live in continental Europe?, What percent of people will say they are atheist, agnostic or non-religious?, What percent of people will say they are vegan or vegetarian?, What percent of people will say they are politically on the left or centre left?, What percent of people will say they are politically on the centre?, What percent of people will say they are politically on the right or centre right?, What percent of people will say that they are single?, What percent of people will say that they are employed?, What percent of people will say that they are a student?","50, 50, 3, 0.1, 20, 5, 60, 0, 3, 2, 15, 2, 3, 60, 60, 70, 40, 10, 25, 20, 20, 5, 2, 10, 40, 4","400, 95, 30, 20, 80, 30, 90, 5, 15, 20, 30, 20, 20, 80, 80, 90, 75, 40, 75, 80, 75, 50, 35, 40, 95, 50",50 | 50 | 3 | .1 | 20 | 5 | 60 | 0 | 3 | 2 | 15 | 2 | 3 | 60 | 60 | 70 | 40 | 10 | 25 | 20 | 20 | 5 | 2 | 10 | 40 | 4,4,400 | 95 | 30 | 20 | 80 | 30 | 90 | 5 | 15 | 20 | 30 | 20 | 20 | 80 | 80 | 90 | 75 | 40 | 75 | 80 | 75 | 50 | 35 | 40 | 95 | 50,50,27,"225, 72.5, 16.5, 10.05, 50, 17.5, 75, 2.5, 9, 11, 22.5, 11, 11.5, 70, 70, 80, 57.5, 25, 50, 50, 47.5, 27.5, 18.5, 25, 67.5, 27"
Person 25,12/09/2018 05:44,192.43,"How many people do you think will take the EA survey?, What percent of people will say they got involved in EA in 2017?, What percent of people will say they first heard about EA from a personal contact?, What percent of people will say they first heard about EA from LessWrong?, What percent of people will say they are involved in a local EA group?, What percent of people will say they have taken the Giving What We Can pledge?, What percent of people will say they find the EA community either welcoming or very welcoming?, What percent of people will say they find the EA community either unwelcoming or very unwelcoming?, What percent of people will say that global poverty should be the top or near top priority?, What percent of people will say that cause prioritisation should be the top or near top priority?, What percent of people will say that reducing risks from AI should be the top or near top priority?, What percent of people will say that animal welfare/rights should be the top or near top priority?, What percent of people will say that meta charities should be the top or near top priority?, What percent of people who took the survey will be between 20 and 35 years of age?, What percent of people will identify as male?, What percent of people will identify as white?, What percent of people will say they live in the US or UK?, What percent of people will say they live in continental Europe?, What percent of people will say they are atheist, agnostic or non-religious?, What percent of people will say they are vegan or vegetarian?, What percent of people will say they are politically on the left or centre left?, What percent of people will say they are politically on the centre?, What percent of people will say they are politically on the right or centre right?, What percent of people will say that they are single?, What percent of people will say that they are employed?, What percent of people will say that they are a student?","1000, 400, 40, 10, 25, 10, 85, 0.2, 40, 30, 10, 10, 1, 75, 65, 75, 50, 10, 70, 20, 60, 10, 1, 30, 85, 10","5000, 1000, 70, 25, 75, 50, 99, 5, 80, 60, 50, 50, 30, 90, 85, 95, 75, 25, 90, 40, 90, 40, 20, 70, 97, 35",5000 | 1000 | 40 | 25 | 75 | 50 | 85 | 0.2 | 40 | 30 | 10 | 10 | 1 | 75 | 65 | 75 | 50 | 10 | 70 | 20 | 60 | 10 | 1 | 30 | 85 | 10,10,1000 | 400 | 70 | 10 | 25 | 10 | 99 | 5 | 80 | 60 | 50 | 50 | 30 | 90 | 85 | 95 | 75 | 25 | 90 | 40 | 90 | 40 | 20 | 70 | 97 | 35,35,22.5,"3000, 700, 55, 17.5, 50, 30, 92, 2.6, 60, 45, 30, 30, 15.5, 82.5, 75, 85, 62.5, 17.5, 80, 30, 75, 25, 10.5, 50, 91, 22.5"
Person 26,08/09/2018 02:33,830.52,"How many people do you think will take the EA survey?, What percent of people will say they got involved in EA in 2017?, What percent of people will say they first heard about EA from a personal contact?, What percent of people will say they first heard about EA from LessWrong?, What percent of people will say they are involved in a local EA group?, What percent of people will say they have taken the Giving What We Can pledge?, What percent of people will say they find the EA community either welcoming or very welcoming?, What percent of people will say they find the EA community either unwelcoming or very unwelcoming?, What percent of people will say that global poverty should be the top or near top priority?, What percent of people will say that cause prioritisation should be the top or near top priority?, What percent of people will say that reducing risks from AI should be the top or near top priority?, What percent of people will say that animal welfare/rights should be the top or near top priority?, What percent of people will say that meta charities should be the top or near top priority?, What percent of people who took the survey will be between 20 and 35 years of age?, What percent of people will identify as male?, What percent of people will identify as white?, What percent of people will say they live in the US or UK?, What percent of people will say they live in continental Europe?, What percent of people will say they are atheist, agnostic or non-religious?, What percent of people will say they are vegan or vegetarian?, What percent of people will say they are politically on the left or centre left?, What percent of people will say they are politically on the centre?, What percent of people will say they are politically on the right or centre right?, What percent of people will say that they are single?, What percent of people will say that they are employed?, What percent of people will say that they are a student?","10000, 10, 50, 10, 10, 5, 20, 5, 30, 5, 10, 5, 0, 50, 60, 60, 60, 10, 70, 10, 60, 30, 0, 35, 60, 20","15000, 40, 90, 30, 60, 50, 70, 20, 50, 15, 30, 25, 15, 95, 80, 95, 95, 40, 100, 40, 100, 60, 10, 75, 95, 60",10000 | 10 | 50 | 10 | 10 | 5 | 20 | 5 | 30 | 5 | 10 | 5 | 0 | 50 | 60 | 60 | 60 | 10 | 70 | 10 | 60 | 30 | 0 | 35 | 60 | 20,20,15000 | 40 | 90 | 30 | 60 | 50 | 70 | 20 | 50 | 15 | 30 | 25 | 15 | 95 | 80 | 95 | 95 | 40 | 100 | 40 | 100 | 60 | 10 | 75 | 95 | 60,60,40,"12500, 25, 70, 20, 35, 27.5, 45, 12.5, 40, 10, 20, 15, 7.5, 72.5, 70, 77.5, 77.5, 25, 85, 25, 80, 45, 5, 55, 77.5, 40, , , , , , , , , , , , , , , , , , , , , , , , , , "
Person 27,08/09/2018 11:29,6.17,"How many people do you think will take the EA survey?, What percent of people will say they got involved in EA in 2017?, What percent of people will say they first heard about EA from a personal contact?, What percent of people will say they first heard about EA from LessWrong?, What percent of people will say they are involved in a local EA group?, What percent of people will say they have taken the Giving What We Can pledge?, What percent of people will say they find the EA community either welcoming or very welcoming?, What percent of people will say they find the EA community either unwelcoming or very unwelcoming?, What percent of people will say that global poverty should be the top or near top priority?, What percent of people will say that cause prioritisation should be the top or near top priority?, What percent of people will say that reducing risks from AI should be the top or near top priority?, What percent of people will say that animal welfare/rights should be the top or near top priority?, What percent of people will say that meta charities should be the top or near top priority?, What percent of people who took the survey will be between 20 and 35 years of age?, What percent of people will identify as male?, What percent of people will identify as white?, What percent of people will say they live in the US or UK?, What percent of people will say they live in continental Europe?, What percent of people will say they are atheist, agnostic or non-religious?, What percent of people will say they are vegan or vegetarian?, What percent of people will say they are politically on the left or centre left?, What percent of people will say they are politically on the centre?, What percent of people will say they are politically on the right or centre right?, What percent of people will say that they are single?, What percent of people will say that they are employed?, What percent of people will say that they are a student?","1000, 40, 20, 20, 10, 10, 30, 10, 10, 10, 15, 10, 20, 60, 60, 60, 30, 20, 50, 20, 40, 10, 0, 10, 25, 20","3000, 80, 80, 70, 70, 60, 80, 40, 40, 50, 60, 40, 60, 95, 80, 100, 80, 60, 100, 80, 90, 40, 30, 90, 90, 70",1000 | 40 | 20 | 20 | 10 | 10 | 30 | 10 | 10 | 10 | 15 | 10 | 20 | 60 | 60 | 60 | 30 | 20 | 50 | 20 | 40 | 10 | 0 | 10 | 25 | 20,20,3000 | 80 | 80 | 70 | 70 | 60 | 80 | 40 | 40 | 50 | 60 | 40 | 60 | 95 | 80 | 100 | 80 | 60 | 100 | 80 | 90 | 40 | 30 | 90 | 90 | 70,70,45,"2000, 60, 50, 45, 40, 35, 55, 25, 25, 30, 37.5, 25, 40, 77.5, 70, 80, 55, 40, 75, 50, 65, 25, 15, 50, 57.5, 45"
Person 28,08/09/2018 06:07,6.85,"How many people do you think will take the EA survey?, What percent of people will say they got involved in EA in 2017?, What percent of people will say they first heard about EA from a personal contact?, What percent of people will say they first heard about EA from LessWrong?, What percent of people will say they are involved in a local EA group?, What percent of people will say they have taken the Giving What We Can pledge?, What percent of people will say they find the EA community either welcoming or very welcoming?, What percent of people will say they find the EA community either unwelcoming or very unwelcoming?, What percent of people will say that global poverty should be the top or near top priority?, What percent of people will say that cause prioritisation should be the top or near top priority?, What percent of people will say that reducing risks from AI should be the top or near top priority?, What percent of people will say that animal welfare/rights should be the top or near top priority?, What percent of people will say that meta charities should be the top or near top priority?, What percent of people who took the survey will be between 20 and 35 years of age?, What percent of people will identify as male?, What percent of people will identify as white?, What percent of people will say they live in the US or UK?, What percent of people will say they live in continental Europe?, What percent of people will say they are atheist, agnostic or non-religious?, What percent of people will say they are vegan or vegetarian?, What percent of people will say they are politically on the left or centre left?, What percent of people will say they are politically on the centre?, What percent of people will say they are politically on the right or centre right?, What percent of people will say that they are single?, What percent of people will say that they are employed?, What percent of people will say that they are a student?","1000, 10, 30, 5, 10, 5, 40, 10, 40, 10, 10, 10, 10, 60, 60, 80, 60, 10, 75, 10, 40, 40, 40, 15, 70, 20","3000, 30, 60, 15, 30, 25, 65, 30, 70, 30, 25, 35, 35, 80, 75, 95, 75, 20, 95, 25, 60, 60, 60, 40, 95, 50",1000 | 10 | 30 | 5 | 10 | 5 | 40 | 10 | 40 | 10 | 10 | 10 | 10 | 60 | 60 | 80 | 60 | 10 | 75 | 10 | 40 | 40 | 40 | 15 | 70 | 20,20,3000 | 30 | 60 | 15 | 30 | 25 | 65 | 30 | 70 | 30 | 25 | 35 | 35 | 80 | 75 | 95 | 75 | 20 | 95 | 25 | 60 | 60 | 60 | 40 | 95 | 50,50,35,"2000, 20, 45, 10, 20, 15, 52.5, 20, 55, 20, 17.5, 22.5, 22.5, 70, 67.5, 87.5, 67.5, 15, 85, 17.5, 50, 50, 50, 27.5, 82.5, 35"
Person 29,08/09/2018 15:43,4849.28,"How many people do you think will take the EA survey?, What percent of people will say they got involved in EA in 2017?, What percent of people will say they first heard about EA from a personal contact?, What percent of people will say they first heard about EA from LessWrong?, What percent of people will say they are involved in a local EA group?, What percent of people will say they have taken the Giving What We Can pledge?, What percent of people will say they find the EA community either welcoming or very welcoming?, What percent of people will say they find the EA community either unwelcoming or very unwelcoming?, What percent of people will say that global poverty should be the top or near top priority?, What percent of people will say that cause prioritisation should be the top or near top priority?, What percent of people will say that reducing risks from AI should be the top or near top priority?, What percent of people will say that animal welfare/rights should be the top or near top priority?, What percent of people will say that meta charities should be the top or near top priority?, What percent of people who took the survey will be between 20 and 35 years of age?, What percent of people will identify as male?, What percent of people will identify as white?, What percent of people will say they live in the US or UK?, What percent of people will say they live in continental Europe?, What percent of people will say they are atheist, agnostic or non-religious?, What percent of people will say they are vegan or vegetarian?, What percent of people will say they are politically on the left or centre left?, What percent of people will say they are politically on the centre?, What percent of people will say they are politically on the right or centre right?, What percent of people will say that they are single?, What percent of people will say that they are employed?, What percent of people will say that they are a student?","1000, 20, 10, 10, 5, 10, 50, 5, 20, 15, 15, 10, 5, 60, 60, 50, 50, 5, 80, 10, 70, 5, 1, 20, 30, 20","7000, 70, 30, 30, 50, 50, 95, 50, 70, 40, 40, 30, 25, 95, 85, 80, 90, 30, 99, 50, 95, 20, 15, 80, 80, 70",1000 | 20 | 10 | 10 | 5 | 10 | 50 | 5 | 20 | 15 | 15 | 10 | 5 | 60 | 60 | 50 | 50 | 5 | 80 | 10 | 70 | 5 | 1 | 20 | 30 | 20,20,7000 | 70 | 30 | 30 | 50 | 50 | 95 | 50 | 70 | 40 | 40 | 30 | 25 | 95 | 85 | 80 | 90 | 30 | 99 | 50 | 95 | 20 | 15 | 80 | 80 | 70,70,45,"4000, 45, 20, 20, 27.5, 30, 72.5, 27.5, 45, 27.5, 27.5, 20, 15, 77.5, 72.5, 65, 70, 17.5, 89.5, 30, 82.5, 12.5, 8, 50, 55, 45"
Person 30,08/09/2018 01:58,10.55,"How many people do you think will take the EA survey?, What percent of people will say they got involved in EA in 2017?, What percent of people will say they first heard about EA from a personal contact?, What percent of people will say they first heard about EA from LessWrong?, What percent of people will say they are involved in a local EA group?, What percent of people will say they have taken the Giving What We Can pledge?, What percent of people will say they find the EA community either welcoming or very welcoming?, What percent of people will say they find the EA community either unwelcoming or very unwelcoming?, What percent of people will say that global poverty should be the top or near top priority?, What percent of people will say that cause prioritisation should be the top or near top priority?, What percent of people will say that reducing risks from AI should be the top or near top priority?, What percent of people will say that animal welfare/rights should be the top or near top priority?, What percent of people will say that meta charities should be the top or near top priority?, What percent of people who took the survey will be between 20 and 35 years of age?, What percent of people will identify as male?, What percent of people will identify as white?, What percent of people will say they live in the US or UK?, What percent of people will say they live in continental Europe?, What percent of people will say they are atheist, agnostic or non-religious?, What percent of people will say they are vegan or vegetarian?, What percent of people will say they are politically on the left or centre left?, What percent of people will say they are politically on the centre?, What percent of people will say they are politically on the right or centre right?, What percent of people will say that they are single?, What percent of people will say that they are employed?, What percent of people will say that they are a student?","300, 10, 40, 5, 30, 20, 20, 40, 0, 20, 20, 20, 10, 50, 70, 70, 80, 5, 80, 40, 50, 20, 2, 40, 70, 10","1500, 30, 80, 30, 50, 40, 40, 70, 20, 50, 70, 50, 40, 80, 90, 90, 90, 15, 95, 60, 80, 50, 30, 70, 95, 30",300 | 10 | 40 | 5 | 30 | 20 | 20 | 40 | 0 | 20 | 20 | 20 | 10 | 50 | 70 | 70 | 80 | 5 | 80 | 40 | 50 | 20 | 2 | 40 | 70 | 10,10,1500 | 30 | 80 | 30 | 50 | 40 | 40 | 70 | 20 | 50 | 70 | 50 | 40 | 80 | 90 | 90 | 90 | 15 | 95 | 60 | 80 | 50 | 30 | 70 | 95 | 30,30,20,"900, 20, 60, 17.5, 40, 30, 30, 55, 10, 35, 45, 35, 25, 65, 80, 80, 85, 10, 87.5, 50, 65, 35, 16, 55, 82.5, 20"
Person 31,08/09/2018 09:54,10.42,"How many people do you think will take the EA survey?, What percent of people will say they got involved in EA in 2017?, What percent of people will say they first heard about EA from a personal contact?, What percent of people will say they first heard about EA from LessWrong?, What percent of people will say they are involved in a local EA group?, What percent of people will say they have taken the Giving What We Can pledge?, What percent of people will say they find the EA community either welcoming or very welcoming?, What percent of people will say they find the EA community either unwelcoming or very unwelcoming?, What percent of people will say that global poverty should be the top or near top priority?, What percent of people will say that cause prioritisation should be the top or near top priority?, What percent of people will say that reducing risks from AI should be the top or near top priority?, What percent of people will say that animal welfare/rights should be the top or near top priority?, What percent of people will say that meta charities should be the top or near top priority?, What percent of people who took the survey will be between 20 and 35 years of age?, What percent of people will identify as male?, What percent of people will identify as white?, What percent of people will say they live in the US or UK?, What percent of people will say they live in continental Europe?, What percent of people will say they are atheist, agnostic or non-religious?, What percent of people will say they are vegan or vegetarian?, What percent of people will say they are politically on the left or centre left?, What percent of people will say they are politically on the centre?, What percent of people will say they are politically on the right or centre right?, What percent of people will say that they are single?, What percent of people will say that they are employed?, What percent of people will say that they are a student?","900, 18, 20, 5, 20, 40, 55, 5, 25, 15, 20, 20, 10, 65, 65, 80, 45, 12, 65, 40, 50, 20, 5, 35, 15, 40","2500, 35, 40, 10, 40, 70, 75, 10, 45, 30, 35, 35, 30, 85, 75, 95, 60, 25, 85, 65, 75, 40, 25, 65, 40, 70",900 | 18 | 20 | 5 | 20 | 40 | 55 | 5 | 25 | 15 | 20 | 20 | 10 | 65 | 65 | 80 | 45 | 12 | 65 | 40 | 50 | 20 | 5 | 35 | 15 | 40,40,2500 | 35 | 40 | 10 | 40 | 70 | 75 | 10 | 45 | 30 | 35 | 35 | 30 | 85 | 75 | 95 | 60 | 25 | 85 | 65 | 75 | 40 | 25 | 65 | 40 | 70,70,55,"1700, 26.5, 30, 7.5, 30, 55, 65, 7.5, 35, 22.5, 27.5, 27.5, 20, 75, 70, 87.5, 52.5, 18.5, 75, 52.5, 62.5, 30, 15, 50, 27.5, 55"
Person 32,08/09/2018 01:24,8.92,"How many people do you think will take the EA survey?, What percent of people will say they got involved in EA in 2017?, What percent of people will say they first heard about EA from a personal contact?, What percent of people will say they first heard about EA from LessWrong?, What percent of people will say they are involved in a local EA group?, What percent of people will say they have taken the Giving What We Can pledge?, What percent of people will say they find the EA community either welcoming or very welcoming?, What percent of people will say they find the EA community either unwelcoming or very unwelcoming?, What percent of people will say that global poverty should be the top or near top priority?, What percent of people will say that cause prioritisation should be the top or near top priority?, What percent of people will say that reducing risks from AI should be the top or near top priority?, What percent of people will say that animal welfare/rights should be the top or near top priority?, What percent of people will say that meta charities should be the top or near top priority?, What percent of people who took the survey will be between 20 and 35 years of age?, What percent of people will identify as male?, What percent of people will identify as white?, What percent of people will say they live in the US or UK?, What percent of people will say they live in continental Europe?, What percent of people will say they are atheist, agnostic or non-religious?, What percent of people will say they are vegan or vegetarian?, What percent of people will say they are politically on the left or centre left?, What percent of people will say they are politically on the centre?, What percent of people will say they are politically on the right or centre right?, What percent of people will say that they are single?, What percent of people will say that they are employed?, What percent of people will say that they are a student?","800, 5, 30, 5, 40, 10, 60, 0, 50, 30, 40, 20, 0, 60, 45, 60, 50, 10, 80, 50, 40, 40, 5, 20, 20, 40","1150, 20, 65, 30, 70, 50, 90, 15, 85, 70, 70, 50, 30, 100, 75, 80, 90, 35, 100, 90, 80, 80, 25, 60, 80, 80",800 | 5 | 30 | 5 | 40 | 10 | 60 | 0 | 50 | 30 | 40 | 20 | 0 | 60 | 45 | 60 | 50 | 10 | 80 | 50 | 40 | 40 | 5 | 20 | 20 | 40,40,1150 | 20 | 65 | 30 | 70 | 50 | 90 | 15 | 85 | 70 | 70 | 50 | 30 | 100 | 75 | 80 | 90 | 35 | 100 | 90 | 80 | 80 | 25 | 60 | 80 | 80,80,60,"975, 12.5, 47.5, 17.5, 55, 30, 75, 7.5, 67.5, 50, 55, 35, 15, 80, 60, 70, 70, 22.5, 90, 70, 60, 60, 15, 40, 50, 60"
Person 33,07/09/2018 21:17,25.35,"How many people do you think will take the EA survey?, What percent of people will say they got involved in EA in 2017?, What percent of people will say they first heard about EA from a personal contact?, What percent of people will say they first heard about EA from LessWrong?, What percent of people will say they are involved in a local EA group?, What percent of people will say they have taken the Giving What We Can pledge?, What percent of people will say they find the EA community either welcoming or very welcoming?, What percent of people will say they find the EA community either unwelcoming or very unwelcoming?, What percent of people will say that global poverty should be the top or near top priority?, What percent of people will say that cause prioritisation should be the top or near top priority?, What percent of people will say that reducing risks from AI should be the top or near top priority?, What percent of people will say that animal welfare/rights should be the top or near top priority?, What percent of people will say that meta charities should be the top or near top priority?, What percent of people who took the survey will be between 20 and 35 years of age?, What percent of people will identify as male?, What percent of people will identify as white?, What percent of people will say they live in the US or UK?, What percent of people will say they live in continental Europe?, What percent of people will say they are atheist, agnostic or non-religious?, What percent of people will say they are vegan or vegetarian?, What percent of people will say they are politically on the left or centre left?, What percent of people will say they are politically on the centre?, What percent of people will say they are politically on the right or centre right?, What percent of people will say that they are single?, What percent of people will say that they are employed?, What percent of people will say that they are a student?","1400, 21, 11, 9, 10, 19, 45, 9, 48, 32, 28, 22, 35, 73, 66, 84, 58, 14, 74, 24, 58, 6, 2, 39, 58, 39","3800, 43, 23, 20, 38, 39, 83, 37, 64, 51, 53, 43, 62, 86, 75, 91, 70, 24, 83, 41, 72, 12, 5, 65, 77, 54",1400 | 21 | 11 | 9 | 10 | 19 | 45 | 9 | 48 | 32 | 28 | 22 | 35 | 73 | 66 | 84 | 58 | 14 | 74 | 24 | 58 | 6 | 2 | 39 | 58 | 39,39,3800 | 43 | 23 | 20 | 38 | 39 | 83 | 37 | 64 | 51 | 53 | 43 | 62 | 86 | 75 | 91 | 70 | 24 | 83 | 41 | 72 | 12 | 5 | 65 | 77 | 54,54,46.5,"2600, 32, 17, 14.5, 24, 29, 64, 23, 56, 41.5, 40.5, 32.5, 48.5, 79.5, 70.5, 87.5, 64, 19, 78.5, 32.5, 65, 9, 3.5, 52, 67.5, 46.5"
Person 34,09/09/2018 17:10,33.2,"How many people do you think will take the EA survey?, What percent of people will say they got involved in EA in 2017?, What percent of people will say they first heard about EA from a personal contact?, What percent of people will say they first heard about EA from LessWrong?, What percent of people will say they are involved in a local EA group?, What percent of people will say they have taken the Giving What We Can pledge?, What percent of people will say they find the EA community either welcoming or very welcoming?, What percent of people will say they find the EA community either unwelcoming or very unwelcoming?, What percent of people will say that global poverty should be the top or near top priority?, What percent of people will say that cause prioritisation should be the top or near top priority?, What percent of people will say that reducing risks from AI should be the top or near top priority?, What percent of people will say that animal welfare/rights should be the top or near top priority?, What percent of people will say that meta charities should be the top or near top priority?, What percent of people who took the survey will be between 20 and 35 years of age?, What percent of people will identify as male?, What percent of people will identify as white?, What percent of people will say they live in the US or UK?, What percent of people will say they live in continental Europe?, What percent of people will say they are atheist, agnostic or non-religious?, What percent of people will say they are vegan or vegetarian?, What percent of people will say they are politically on the left or centre left?, What percent of people will say they are politically on the centre?, What percent of people will say they are politically on the right or centre right?, What percent of people will say that they are single?, What percent of people will say that they are employed?, What percent of people will say that they are a student?","1950, 8, 7, 6, 30, 10, 55, 5, 30, 10, 12, 8, 6, 73, 66, 82, 55, 15, 75, 15, 58, 7, 3, 20, 40, 20","2600, 25, 11, 10, 65, 30, 75, 11, 45, 17, 20, 14, 10, 85, 72, 94, 70, 22, 84, 27, 70, 13, 6, 50, 80, 55",1950 | 8 | 7 | 6 | 30 | 10 | 55 | 5 | 30 | 10 | 12 | 8 | 6 | 73 | 66 | 82 | 55 | 15 | 75 | 15 | 58 | 7 | 3 | 20 | 40 | 20,20,2600 | 25 | 11 | 10 | 65 | 30 | 75 | 11 | 45 | 17 | 20 | 14 | 10 | 85 | 72 | 94 | 70 | 22 | 84 | 27 | 70 | 13 | 6 | 50 | 80 | 55,55,37.5,"2275, 16.5, 9, 8, 47.5, 20, 65, 8, 37.5, 13.5, 16, 11, 8, 79, 69, 88, 62.5, 18.5, 79.5, 21, 64, 10, 4.5, 35, 60, 37.5"
Person 35,10/09/2018 15:07,4.32,"How many people do you think will take the EA survey?, What percent of people will say they got involved in EA in 2017?, What percent of people will say they first heard about EA from a personal contact?, What percent of people will say they first heard about EA from LessWrong?, What percent of people will say they are involved in a local EA group?, What percent of people will say they have taken the Giving What We Can pledge?, What percent of people will say they find the EA community either welcoming or very welcoming?, What percent of people will say they find the EA community either unwelcoming or very unwelcoming?, What percent of people will say that global poverty should be the top or near top priority?, What percent of people will say that cause prioritisation should be the top or near top priority?, What percent of people will say that reducing risks from AI should be the top or near top priority?, What percent of people will say that animal welfare/rights should be the top or near top priority?, What percent of people will say that meta charities should be the top or near top priority?, What percent of people who took the survey will be between 20 and 35 years of age?, What percent of people will identify as male?, What percent of people will identify as white?, What percent of people will say they live in the US or UK?, What percent of people will say they live in continental Europe?, What percent of people will say they are atheist, agnostic or non-religious?, What percent of people will say they are vegan or vegetarian?, What percent of people will say they are politically on the left or centre left?, What percent of people will say they are politically on the centre?, What percent of people will say they are politically on the right or centre right?, What percent of people will say that they are single?, What percent of people will say that they are employed?, What percent of people will say that they are a student?","360, 15, 20, 2, 2, 5, 30, 5, 40, 2, 20, 5, 2, 50, 55, 80, 60, 5, 70, 30, 60, 5, 1, 40, 50, 20","2600, 40, 85, 20, 40, 60, 80, 40, 75, 20, 65, 30, 20, 90, 85, 95, 90, 35, 98, 85, 98, 40, 20, 75, 90, 60",360 | 15 | 20 | 2 | 2 | 5 | 30 | 5 | 40 | 2 | 20 | 5 | 2 | 50 | 55 | 80 | 60 | 5 | 70 | 30 | 60 | 5 | 1 | 40 | 50 | 20,20,2600 | 40 | 85 | 20 | 40 | 60 | 80 | 40 | 75 | 20 | 65 | 30 | 20 | 90 | 85 | 95 | 90 | 35 | 98 | 85 | 98 | 40 | 20 | 75 | 90 | 60,60,40,"1480, 27.5, 52.5, 11, 21, 32.5, 55, 22.5, 57.5, 11, 42.5, 17.5, 11, 70, 70, 87.5, 75, 20, 84, 57.5, 79, 22.5, 10.5, 57.5, 70, 40"
